{
  "universeCount" : 656,
  "temporalVariance" : 0.7510651061780349,
  "causalIntegrity" : 25.453902722331645,
  "dimensionStability" : 95.394779635063,
  "multiverseEntropy" : 55.402089936066,
  "quantumFluctuation" : "Φ635Ω748Σ565Σ778Π976Φ325Θ791Φ237"
}