{
  "universeCount" : 923,
  "temporalVariance" : 14.279581085113788,
  "causalIntegrity" : 62.7437918190687,
  "dimensionStability" : 85.41802988315527,
  "multiverseEntropy" : 65.92999522313315,
  "quantumFluctuation" : "Φ837Π167Φ736Λ863Σ411Θ498Δ445Θ797"
}