{
  "temporalVariance" : -1.6123683874699315,
  "causalIntegrity" : 23.643273795062303,
  "dimensionStability" : 37.49851976563736,
  "multiverseEntropy" : 38.904670161953625,
  "quantumFluctuation" : "Ω500Θ707Θ988Π430Π24Φ588Θ221Λ392",
  "universeCount" : 550
}