{
  "dimensionStability" : 82.61969136399844,
  "multiverseEntropy" : 89.78464056251863,
  "quantumFluctuation" : "Π29Δ300Ω278Λ206Σ355Ω837Δ920Ω725",
  "universeCount" : 824,
  "temporalVariance" : -20.255743379064626,
  "causalIntegrity" : 97.08441555358118
}