{
  "universeCount" : 774,
  "temporalVariance" : -0.15717348989006039,
  "causalIntegrity" : 22.670290291253682,
  "dimensionStability" : 54.51314758437557,
  "multiverseEntropy" : 6.08334263685649,
  "quantumFluctuation" : "Π662Φ112ψ849Ω166Λ694Σ106Δ11Θ490"
}