{
  "universeCount" : 574,
  "temporalVariance" : -18.98357496193072,
  "causalIntegrity" : 63.94675244261146,
  "dimensionStability" : 52.208421595006584,
  "multiverseEntropy" : 35.06581571785329,
  "quantumFluctuation" : "Θ370ψ758ψ341Σ723Θ624Φ183ψ418Λ288"
}