{
  "causalIntegrity" : 24.455800947878014,
  "temporalVariance" : -19.148731112893504,
  "universeCount" : 225,
  "quantumFluctuation" : "Π696Θ957Σ696Φ261ψ989Ω608ψ700Ω5",
  "multiverseEntropy" : 69.56053609526981,
  "dimensionStability" : 6.502073947828812
}