{
  "temporalVariance" : -9.490360327807865,
  "causalIntegrity" : 68.4095706389686,
  "dimensionStability" : 80.79339385852397,
  "multiverseEntropy" : 67.30065119541175,
  "quantumFluctuation" : "Θ855Σ116Φ312Δ59Φ914Φ434Λ678Π24",
  "universeCount" : 808
}