{
  "temporalVariance" : 2.892426907015078,
  "causalIntegrity" : 61.460385834094424,
  "dimensionStability" : 42.768461805187194,
  "multiverseEntropy" : 26.237941835319567,
  "quantumFluctuation" : "Θ695Θ168ψ524Σ581Π414Θ990Σ947Σ414",
  "universeCount" : 820
}