{
  "causalIntegrity" : 96.24321930192711,
  "temporalVariance" : -2.857730563966436,
  "universeCount" : 1083,
  "quantumFluctuation" : "Θ85Θ741Π896Σ373Σ807ψ27Θ690Λ891",
  "multiverseEntropy" : 24.768355975852835,
  "dimensionStability" : 0.6907359142642622
}