{
  "temporalVariance" : 8.570314488672025,
  "universeCount" : 1070,
  "quantumFluctuation" : "Δ591Θ158Θ660Δ971Θ481Φ920Φ56Φ102",
  "multiverseEntropy" : 13.10991649760343,
  "dimensionStability" : 97.65864223247551,
  "causalIntegrity" : 54.089049561925975
}