{
  "dimensionStability" : 89.88887399148571,
  "multiverseEntropy" : 79.95475138367713,
  "quantumFluctuation" : "Ω674Σ902Φ894Δ498Π249Θ405Δ833Θ798",
  "universeCount" : 1043,
  "temporalVariance" : -2.995821552190331,
  "causalIntegrity" : 81.2338820540553
}