{
  "temporalVariance" : 1.8210278599497634,
  "causalIntegrity" : 56.57670466274324,
  "dimensionStability" : 61.94033912359361,
  "multiverseEntropy" : 30.760423543595294,
  "quantumFluctuation" : "ψ26Σ594Λ340Ω642Δ566Ω368Θ160Φ570",
  "universeCount" : 388
}