{
  "dimensionStability" : 48.43920439612835,
  "multiverseEntropy" : 78.38890352537479,
  "quantumFluctuation" : "Ω524Ω378Σ918Δ336Σ68Λ707Λ931Λ285",
  "universeCount" : 360,
  "temporalVariance" : 4.591073029694173,
  "causalIntegrity" : 74.00383490127074
}