{
  "temporalVariance" : 11.688927381255546,
  "universeCount" : 395,
  "quantumFluctuation" : "ψ382Σ370Ω882Δ472Θ887Ω473Π78Θ896",
  "multiverseEntropy" : 4.341207950872057,
  "dimensionStability" : 68.85972448080483,
  "causalIntegrity" : 73.63234418596103
}