{
  "temporalVariance" : 5.570225729765832,
  "causalIntegrity" : 30.031367365426252,
  "dimensionStability" : 42.04232609149462,
  "multiverseEntropy" : 75.30056125646189,
  "quantumFluctuation" : "Φ253Φ908Π823Π676Θ145Δ526Π278ψ318",
  "universeCount" : 976
}