{
  "temporalVariance" : -6.2534999354921865,
  "causalIntegrity" : 89.03928623814262,
  "dimensionStability" : 33.57858647753274,
  "multiverseEntropy" : 89.9566115358016,
  "quantumFluctuation" : "Λ830Π473Δ343Σ498Φ734Σ25Π473Δ872",
  "universeCount" : 861
}