{
  "dimensionStability" : 65.48714067701567,
  "multiverseEntropy" : 23.031679652210364,
  "quantumFluctuation" : "Π348Π512Π623Π5Λ223Φ429Σ204Π512",
  "universeCount" : 1084,
  "temporalVariance" : 10.4234265447064,
  "causalIntegrity" : 69.86770419284416
}