{
  "temporalVariance" : -4.355914121392111,
  "universeCount" : 287,
  "quantumFluctuation" : "Π531Σ609Ω353Δ757Ω715Δ789ψ554Σ153",
  "multiverseEntropy" : 59.610429073119796,
  "dimensionStability" : 84.345611476116,
  "causalIntegrity" : 26.398021828388497
}