{
  "temporalVariance" : -1.6062580469143435,
  "causalIntegrity" : 64.13053779713464,
  "dimensionStability" : 17.933722770905458,
  "multiverseEntropy" : 11.122641128408526,
  "quantumFluctuation" : "Φ292ψ584Π34Σ69ψ656Φ780Θ528ψ323",
  "universeCount" : 891
}