{
  "causalIntegrity" : 80.80263460802635,
  "temporalVariance" : -10.38446383798728,
  "universeCount" : 891,
  "quantumFluctuation" : "Φ875ψ138Δ406Θ765Π821Θ648Π464Σ406",
  "multiverseEntropy" : 12.875627268176832,
  "dimensionStability" : 59.29419145528498
}