{
  "temporalVariance" : -6.517112071134951,
  "causalIntegrity" : 2.7451875811468684,
  "dimensionStability" : 89.07465553401323,
  "multiverseEntropy" : 29.6495795097793,
  "quantumFluctuation" : "Λ768Ω54Δ497Π676Π26Λ471Θ627Θ29",
  "universeCount" : 888
}