{
  "causalIntegrity" : 53.03097501939722,
  "temporalVariance" : -8.95616674541122,
  "universeCount" : 443,
  "quantumFluctuation" : "Θ447Π257Δ336ψ796Δ46Δ140Ω516Θ28",
  "multiverseEntropy" : 96.67538839265666,
  "dimensionStability" : 44.755860390759274
}