{
  "temporalVariance" : 12.249816575099057,
  "universeCount" : 1092,
  "quantumFluctuation" : "Φ773Δ982Δ692Σ919Π573Ω354Ω117Φ994",
  "multiverseEntropy" : 43.81646274891512,
  "dimensionStability" : 39.87286051847594,
  "causalIntegrity" : 62.320757638683
}