{
  "universeCount" : 994,
  "temporalVariance" : -7.198670156302095,
  "causalIntegrity" : 60.66533025372387,
  "dimensionStability" : 68.00781754619463,
  "multiverseEntropy" : 6.636947999291285,
  "quantumFluctuation" : "Π665ψ269ψ298Σ55Λ68Λ81Θ937ψ821"
}