{
  "universeCount" : 1076,
  "temporalVariance" : -17.158795525543972,
  "causalIntegrity" : 45.6152342568503,
  "dimensionStability" : 36.53737867436022,
  "multiverseEntropy" : 17.023365366053756,
  "quantumFluctuation" : "Π558Θ400Ω838Λ536Φ870Λ961Φ142Δ391"
}