{
  "universeCount" : 439,
  "temporalVariance" : 4.225597074740785,
  "causalIntegrity" : 65.85417684213779,
  "dimensionStability" : 21.47945617442786,
  "multiverseEntropy" : 42.3992784429502,
  "quantumFluctuation" : "Φ961Ω378Π488ψ606Λ164Ω712Π415Φ652"
}