{
  "universeCount" : 271,
  "temporalVariance" : 7.031506129665345,
  "causalIntegrity" : 93.77281291015137,
  "dimensionStability" : 13.803045522218593,
  "multiverseEntropy" : 90.59125909220933,
  "quantumFluctuation" : "Φ980Π416Φ587Δ931Δ103Φ201Δ531Δ127"
}