{
  "universeCount" : 303,
  "temporalVariance" : 10.02140553984617,
  "causalIntegrity" : 14.052782787822727,
  "dimensionStability" : 81.67136150174996,
  "multiverseEntropy" : 92.81667588303047,
  "quantumFluctuation" : "Φ213Θ276Φ379Σ816Θ196Φ24Λ212ψ603"
}