{
  "dimensionStability" : 55.30159338386858,
  "multiverseEntropy" : 70.18292435540529,
  "quantumFluctuation" : "Λ795Π404Δ268Λ243Δ931Σ514ψ210Ω156",
  "universeCount" : 677,
  "temporalVariance" : -15.619589212397164,
  "causalIntegrity" : 27.91169467863126
}