{
  "universeCount" : 198,
  "temporalVariance" : 4.570162024616143,
  "causalIntegrity" : 11.625300815709249,
  "dimensionStability" : 88.68908474262874,
  "multiverseEntropy" : 9.26197811384715,
  "quantumFluctuation" : "Π206Σ920Π63Δ994Θ163Θ807Φ483Σ868"
}