{
  "temporalVariance" : -12.699253946057649,
  "causalIntegrity" : 88.18004875745763,
  "dimensionStability" : 19.633609886228886,
  "multiverseEntropy" : 31.030432341498194,
  "quantumFluctuation" : "Ω910Φ127Λ844Θ586Φ109Π423Λ408ψ423",
  "universeCount" : 181
}