{
  "causalIntegrity" : 23.88699631942344,
  "temporalVariance" : -18.246508984618714,
  "universeCount" : 122,
  "quantumFluctuation" : "Λ292Δ395Θ851Π763Φ770Θ285Φ153Φ923",
  "multiverseEntropy" : 96.30523935906594,
  "dimensionStability" : 27.30955278342906
}