{
  "temporalVariance" : 18.863652866533148,
  "causalIntegrity" : 94.6750328024541,
  "dimensionStability" : 7.80822806080571,
  "multiverseEntropy" : 38.36656350316833,
  "quantumFluctuation" : "Σ850Σ490Δ554Λ927Λ144Λ500Φ991ψ181",
  "universeCount" : 335
}