{
  "temporalVariance" : -10.598440504841523,
  "universeCount" : 185,
  "quantumFluctuation" : "Ω319Δ912Σ260Σ862Φ22ψ810Σ475Λ626",
  "multiverseEntropy" : 52.70906670067366,
  "dimensionStability" : 29.06444755639974,
  "causalIntegrity" : 22.91576457516952
}