{
  "temporalVariance" : -1.005150810124607,
  "universeCount" : 1096,
  "quantumFluctuation" : "Ω221Σ606Δ557Λ366Δ954Θ863ψ746Φ285",
  "multiverseEntropy" : 2.7954187314324677,
  "dimensionStability" : 2.58021523791212,
  "causalIntegrity" : 20.45618197681498
}