{
  "causalIntegrity" : 80.12965482912014,
  "temporalVariance" : 2.8964149019272027,
  "universeCount" : 897,
  "quantumFluctuation" : "Ω970Δ700Λ839Λ768Θ552Π745Φ636Λ738",
  "multiverseEntropy" : 3.2368170627667836,
  "dimensionStability" : 9.25153777646004
}