{
  "dimensionStability" : 18.457737765114945,
  "multiverseEntropy" : 38.4746646553525,
  "quantumFluctuation" : "Φ280ψ924Π864Φ529Φ924Φ995Θ206Σ787",
  "universeCount" : 1010,
  "temporalVariance" : -10.69697374019457,
  "causalIntegrity" : 56.45472291904865
}