{
  "temporalVariance" : -12.579665695881515,
  "causalIntegrity" : 4.5946409076664585,
  "dimensionStability" : 54.41035482084254,
  "multiverseEntropy" : 56.638600673484454,
  "quantumFluctuation" : "Σ374Π118Λ497Λ431Π56Π654ψ323Λ460",
  "universeCount" : 991
}