{
  "universeCount" : 864,
  "temporalVariance" : -16.39400664349366,
  "causalIntegrity" : 16.771941707881467,
  "dimensionStability" : 34.4668909262741,
  "multiverseEntropy" : 4.4556068953222,
  "quantumFluctuation" : "Φ811Λ93Λ906Π752Ω763ψ754Θ996Ω641"
}