{
  "universeCount" : 766,
  "temporalVariance" : -8.856364550693968,
  "causalIntegrity" : 12.48565050443614,
  "dimensionStability" : 90.78405749199032,
  "multiverseEntropy" : 57.36888049824385,
  "quantumFluctuation" : "Ω653Λ376Δ678Λ316Δ741Λ959Φ501ψ662"
}