{
  "temporalVariance" : 7.6106117653594865,
  "causalIntegrity" : 19.82931510993281,
  "dimensionStability" : 38.09174204373835,
  "multiverseEntropy" : 23.174981260962397,
  "quantumFluctuation" : "Θ565Π420Θ522Σ176Φ506Π50ψ15Δ325",
  "universeCount" : 199
}