{
  "temporalVariance" : 5.815648714303938,
  "universeCount" : 388,
  "quantumFluctuation" : "Φ303ψ948ψ754Θ994Δ126Σ638Σ266Φ400",
  "multiverseEntropy" : 13.928178204260288,
  "dimensionStability" : 76.94070436596735,
  "causalIntegrity" : 96.92539714495113
}